issn,journal,subject,ft2016,cnrs2020,den2021,hceres2021,meta2023,ajg_abs2024,ejl2024,scopus2024,vhb2024,abdc2025,fnege2025
0001-0782,Communications of the ACM,"MIS, KM",,,2,,B,2,P,16.1,B,,3
0001-3072,Abacus,F&A,,3,2,A,B,3,P,3.3,B,A,2
0001-4273,Academy of Management Journal,Gen & Strat,1,1,2,A,A+,4*,P*,16.0,A+,A*,1*
0001-4788,Accounting and Business Research,F&A,,3,1,B,B,3,S,3.4,B,A,2
0001-4826,Accounting Review,F&A,1,1,2,A,A+,4*,P*,5.8,A+,A*,1*
0001-8392,Administrative Science Quarterly,Gen & Strat,1,1*,2,A,A+,4*,P*,20.5,A+,A*,1*
0001-8791,Journal of Vocational Behavior,"OS/OB,HRM/IR",,2,1,A,B,4,P,13.1,A,A*,1
0002-7642,American Behavioral Scientist,"OS/OB,HRM/IR",,3,1,B,,1,,6.7,,B,
0002-8282,American Economic Review,Economics,1,1*,3,A,A+,4*,EP*,18.6,A+,A*,1*
0002-9092,American Journal of Agricultural Economics,Economics,,1,1,A,,3,EP,9.1,,A*,
0002-9602,American Journal of Sociology,Sociology,,,2,,,4*,EP*,5.8,,A*,1
0003-0554,American Political Science Review,PSM,,,2,,,4*,EP*,9.8,,A*,
0003-066X,American Psychologist,Psychology,,,1,,,,EP*,18.5,,A*,
0003-1224,American Sociological Review,Sociology,,,2,,,4*,EP*,13.3,,A*,1
0003-1305,American Statistician,"OR,MS,POM",,,1,,,,EP,3.5,,B,
0003-6846,Applied Economics,Economics,,2,1,A,,2,,3.8,C,A,3
0003-6870,Applied Ergonomics,"OS/OB,HRM/IR",,,1,,,3,,7.5,,,
0004-3702,Artificial Intelligence,"MIS, KM",,,2,,,,EP*,11.2,B,,
0004-5411,Journal of the ACM,"MIS, KM",,,2,,,,,7.5,B,,
0004-8992,Australian Economic History Review,Bus Hist,,3,1,B,,2,,N/A,,B,
0004-900X,Australian Economic Papers,Economics,,4,1,C,,1,,3.2,,B,
0004-9018,Australian Economic Review,Economics,,4,1,C,,1,,1.9,,B,
0006-3444,Biometrika,"OR,MS,POM",,,2,,A,4,EP,5.5,,A*,
0007-0998,British Journal of Educational Psychology,Education,,,1,,,,EP,7.7,,,
0007-1013,British Journal of Educational Technology,Education,,,2,,,2,EP*,15.6,,A,3
0007-1080,British Journal of Industrial Relations,"OS/OB,HRM/IR",,2,2,A,A,4,P,4.2,A,A*,1
0007-1234,British Journal of Political Science,PSM,,,2,,,,EP*,8.7,,A*,
0007-1269,British Journal of Psychology,Psychology,,,1,,,3,EP,7.6,,,
0007-1315,British Journal of Sociology,Sociology,,,2,,,3,EP,4.5,,A,3
0007-2303,Brookings Papers on Economic Activity,Economics,,1,1,A,,3,EP*,10.1,,A,
0007-4918,Bulletin of Indonesian Economic Studies,Economics,,,1,,,1,EP,9.2,,B,
0007-6503,Business and Society,Gen & Strat,,2,2,A,B,3,P,14.8,A,A,2
0007-6791,Business History,Bus Hist,,2,2,A,,4,P,2.3,,A*,2
0007-6805,Business History Review,Bus Hist,,3,2,B,,4,S,1.5,,A,2
0007-6813,Business Horizons,Gen & Strat,,,1,B,,2,,17.7,B,B,3
0008-1256,California Management Review,Gen & Strat,,2,2,A,B,3,M*,18.4,B,A,2
0008-4085,Canadian Journal of Economics,Economics,,2,1,A,,3,,2.2,B,A,
0010-0285,Cognitive Psychology,Psychology,,,2,,,,EP,5.4,,,
0011-7315,Decision Sciences,"OR,MS,POM",,2,2,A,A,3,P,12.4,B,A*,2
0012-155X,Development and Change,Sociology,,2,2,A,,3,S,6.8,,B,3
0012-9682,Econometrica,Economics,1,1*,3,A,A+,4*,EP*,11.0,A+,A*,1*
0013-0079,Economic Development and Cultural Change,Sociology,,1,1,A,,3,EP,3.7,,A,
0013-0095,Economic Geography,Economics,,1,2,A,,4,EP*,9.7,,A,1
0013-0117,Economic History Review,Bus Hist,,1,2,A,,4,EP*,3.6,,A*,
0013-0133,Economic Journal,Economics,,1,2,A,,4,EP,6.6,A,A*,
0013-0249,Economic Record,Economics,,3,1,B,,2,,1.9,,A,
0013-0427,Economica,Economics,,2,1,A,,3,,2.4,,A,3
0014-2921,European Economic Review,Economics,,1,2,A,,3,,4.7,A,A*,
0014-4983,Explorations in Economic History,Economics,,2,1,A,,3,EP*,2.5,,A,
0015-198X,Financial Analysts Journal,F&A,,,2,A,B,3,S,5.4,B,A,2
0015-2218,FinanzArchiv,Economics,,4,1,C,,1,,0.8,B,B,
0016-3287,Futures,Innovation,,,1,B,,2,EP,6.0,,B,3
0017-4815,Growth and Change,Sociology,,3,1,B,,2,,6.4,,B,3
0017-8012,Harvard Business Review,Gen & Strat,1,,1,A,B,3,M*,1.4,B,A,2
0018-1560,Higher Education,Education,,,2,,,2,EP,10.7,A,,4
0018-2702,History of Political Economy,Economics,,1,2,A,,2,,1.2,,A,3
0018-7259,Human Organization,"OS/OB,HRM/IR [Range highest to",,,2,,,2,,1.5,,,
0018-7267,Human Relations,"OS/OB,HRM/IR",1,2,2,A,A,4,P,12.6,A,A*,1
0018-9286,IEEE Transactions on Automatic Control,"MIS, KM",,,2,,,,EP,11.3,,,
0018-9391,IEEE Transactions on Engineering Management,"OR,MS,POM",,3,1,A,B,3,S,10.3,B,A,2
0019-7939,ILR Review,"OS/OB,HRM/IR",,2,2,A,A,3,,6.8,A,A*,2
0019-8501,Industrial Marketing Management,Marketing,,2,2,A,A,3,S,17.3,B,A*,2
0019-8676,Industrial Relations,"OS/OB,HRM/IR",,1,2,A,A,4,S,4.4,B,A*,1
0019-8692,Industrial Relations Journal,"OS/OB,HRM/IR",,,1,,B,3,,2.5,B,A,
0020-6598,International Economic Review,Economics,,1,2,A,,4,,2.6,A,A*,
0020-7276,International Journal of Game Theory,Economics,,2,1,A,,2,,1.3,,A,
0020-7543,International Journal of Production Research,"OR,MS,POM",,2,1,A,B,3,P,19.2,B,A,2
0020-7780,International Labour Review,"OS/OB,HRM/IR",,3,1,B,,2,,4.3,B,B,3
0020-8183,International Organization,Economics,,3,2,B,,4,EP*,14.5,,B,
0020-8523,International Review of Administrative Sciences,PSM,,3,1,B,,3,,6.1,B,B,3
0020-8825,International Studies of Management and Organization,IB,,4,1,B,,2,,2.6,C,B,3
0020-8833,International Studies Quarterly,Economics,,,2,,,4,EP,4.1,,A,
0021-3624,Journal of Economic Issues,Economics,,3,1,B,,2,,1.5,,B,
0021-8456,Journal of Accounting Research,F&A,1,1,2,A,A+,4*,P*,7.8,A+,A*,1*
0021-8499,Journal of Advertising Research,Marketing,,3,1,A,B,3,S,4.2,B,A,2
0021-8863,The Journal of Applied Behavioral Science,Psychology,,3,1,B,,2,,7.8,C,B,3
0021-9010,Journal of Applied Psychology,Psychology,1,1,2,A,A+,4*,P*,17.6,A,A*,1*
0021-9029,Journal of Applied Social Psychology,Psychology,,,1,,,2,,4.3,B,B,4
0021-9886,Journal of Common Market Studies,Economics,,3,2,B,,3,S,5.3,,B,
0021-9916,Journal of Communication,Comm,,,2,,,,EP*,11.6,,A,4
0022-0027,Journal of Conflict Resolution,"OS/OB,HRM/IR",,,2,,A,3,EP,5.3,,A*,2
0022-0078,Journal of Consumer Affairs,Marketing,,3,1,B,B,1,S,4.6,C,A,3
0022-0221,Journal of Cross-Cultural Psychology,Psychology,,,2,,,3,,4.6,B,A,
0022-037X,Journal of Developing Areas,Economics,,,2,,,1,,N/A,,,
0022-0388,Journal of Development Studies,Economics,,2,2,A,,3,,5.2,,A,3
0022-0485,Journal of Economic Education,Education,,3,1,B,,1,,2.4,,B,
0022-0507,Journal of Economic History,Economics,,1,2,A,,3,EP*,2.8,,A*,
0022-0515,Journal of Economic Literature,Economics,,1*,1,A,,4,EP*,17.8,A,A*,
0022-0531,Journal of Economic Theory,Economics,,1,2,A,,4,,2.5,A,A*,
0022-1031,Journal of Experimental Social Psychology,Psychology,,,1,,,4,,6.3,A,A,
0022-1082,Journal of Finance,F&A,1,1*,2,A,A+,4*,P*,12.9,A+,A*,1*
0022-1090,Journal of Financial and Quantitative Analysis,F&A,1,1,2,A,A,4,P*,6.6,A,A*,1
0022-1546,Journal of Higher Education,Education,,,2,,,2,EP,5.7,,,4
0022-166X,Journal of Human Resources,"OS/OB,HRM/IR",,1,2,A,A,3,EP*,7.0,B,A*,2
0022-1821,Journal of Industrial Economics,Economics,,1,2,A,B,3,,1.6,B,A*,3
0022-1856,Journal of Industrial Relations,"OS/OB,HRM/IR",,,1,C,B,2,,4.0,B,A,4
0022-1996,Journal of International Economics,Economics,,1,2,A,,4,EP,5.8,A,A*,
0022-2186,Journal of Law and Economics,Economics,,1,1,A,B,3,,2.4,A,A*,2
0022-2380,Journal of Management Studies,Gen & Strat,1,1,2,A,A,4,P*,16.4,A,A*,1
0022-2429,Journal of Marketing,Marketing,1,1*,2,A,A+,4*,P*,24.1,A+,A*,1*
0022-2437,Journal of Marketing Research,Marketing,1,1,2,A,A+,4*,P*,10.3,A+,A*,1*
0022-2496,Journal of Mathematical Psychology,Psychology,,,1,,,3,,3.7,,,
0022-2879,"Journal of Money, Credit and Banking",F&A,,1,1,A,B,4,P,2.9,A,A*,1
0022-3239,Journal of Optimization Theory and Applications,"OR,MS,POM",,,1,,B,3,,3.3,,A,
0022-3506,Journal of Personality,Psychology,,,2,,,3,EP,9.6,,A,
0022-3514,Journal of Personality and Social Psychology,Psychology,,,2,,,4,EP*,12.7,A+,A*,
0022-3808,Journal of Political Economy,Economics,1,1*,3,A,A+,4*,EP*,15.2,A+,A*,1*
0022-3816,Journal of Politics,Sociology,,,2,,,4,EP,5.1,,,
0022-4065,Journal of Quality Technology,"MIS, KM",,2,2,A,B,,EP,5.2,,A,3
0022-4146,Journal of Regional Science,Economics,,2,1,A,,3,,4.9,,A,
0022-4359,Journal of Retailing,Marketing,,2,2,A,A,4,P,15.9,A,A*,1
0022-4367,Journal of Risk and Insurance,F&A,,2,2,A,B,3,S,3.5,A,A,2
0022-4537,Journal of Social Issues,Sociology,,,2,,,,EP,9.7,,A,
0022-5258,Journal of Transport Economics and Policy,Economics [Range highest to,,3,1,B,,1,,1.5,,B,4
0023-5962,Kyklos,Economics,,2,1,A,B,2,,2.9,B,A,3
0023-656X,Labor History,"OS/OB,HRM/IR",,4,2,C,B,2,,1.0,,A,4
0023-6942,Labour History,Gen & Strat,,4,1,C,,,,0.5,,A,4
0023-7639,Land Economics,Economics,,2,1,A,,3,,2.6,,A,3
0024-6301,Long Range Planning,Gen & Strat,,2,2,A,B,4,P,13.0,B,A*,1
0025-1747,Management Decision,Gen & Strat,,4,1,B,,2,,8.2,B,B,3
0025-1909,Management Science,"OR,MS,POM",1,1*,2,A,A+,4*,P*,8.8,A+,A*,1*
0025-5610,Mathematical Programming,"OR,MS,POM",,,2,,,4,EP*,5.7,A,,
0027-3171,Multivariate Behavioral Research,Psychology,,,1,,,,EP,7.6,B,,
0028-0283,National Tax Journal,Economics,,2,1,A,B,2,,3.4,A,A,
0030-364X,Operations Research,"OR,MS,POM",1,1,2,A,A,4*,P*,4.8,A+,A*,1*
0030-7653,Oxford Economic Papers,Economics,,2,1,A,,3,,2.2,,A,
0031-5826,Personnel Psychology,"OS/OB,HRM/IR",,1,2,A,A,4*,P*,10.2,A,A*,1*
0031-8248,Philosophy of Science,Sociology,,,2,,,,EP,3.1,,,
0032-2687,Policy Sciences,PSM,,,2,,B,1,EP*,9.7,,B,
0032-3292,Politics and Society,PSM,,,2,,B,3,,5.0,,B,
0033-2909,Psychological Bulletin,Psychology,,,2,,,4,EP*,33.6,,A*,
0033-295X,Psychological Review,Psychology,,,2,,,4,EP*,9.7,,A*,
0033-3123,Psychometrika,Psychology,,,2,,,3,,4.4,A,,
0033-3298,Public Administration,PSM,,3,2,B,B,4,S,7.8,A,A,2
0033-3352,Public Administration Review,PSM,,1,2,A,A,4*,S,15.1,A,A,1
0033-362X,Public Opinion Quarterly,Marketing,,,2,,B,3,EP,4.4,,A,
0033-5533,Quarterly Journal of Economics,Economics,1,1*,3,A,,4*,EP*,24.2,A+,A*,
0033-6807,R and D Management,Innovation,,3,2,A,B,3,S,11.3,B,A,2
0034-3404,Regional Studies,PSM,,2,2,A,A,4,EP,9.3,B,A*,2
0034-6527,Review of Economic Studies,Economics,1,1*,3,A,,4*,EP*,10.4,A+,A*,
0034-6535,Review of Economics and Statistics,Economics,,1,2,A,,4,EP*,8.5,A,A*,
0034-6764,Review of Social Economy,Economics,,3,1,B,,2,,2.6,,B,
0036-1445,SIAM review,"OR,MS,POM",,,2,,,,EP*,16.9,,,
0036-9292,Scottish Journal of Political Economy,Economics,,3,1,B,,2,,1.8,,A,
0037-7791,Social Problems,Sociology,,,2,,,,EP,7.6,,A,
0038-0121,Socio-Economic Planning Sciences,Economics,,,1,,,2,EP,9.4,,C,4
0038-0261,Sociological Review,Sociology,,,2,,,3,EP,4.2,,A,
0038-0385,Sociology,Sociology,,,2,,,4,EP,5.5,,A*,2
0038-4038,Southern Economic Journal,Economics,,2,1,A,,2,,3.2,,A,
0040-1625,Technological Forecasting and Social Change,Innovation,,2,1,A,B,3,S,21.3,B,A,2
0040-1706,Technometrics,"OR,MS,POM",,,2,,,,EP,4.5,,A,
0040-5833,Theory and Decision,"OR,MS,POM",,2,1,A,B,2,,1.6,,A,
0041-0020,Town Planning Review,PSM,,,2,,,2,,3.4,,,
0041-1655,Transportation Science,"OR,MS,POM",,2,2,A,B,3,P*,8.3,A,A*,
0042-0980,Urban Studies,PSM,,2,2,A,A,3,EP,10.5,B,A*,2
0044-2372,Journal of Business Economics,Gen & Strat,,,1,,,2,,4.5,B,B,
0046-2772,European Journal of Social Psychology,Psychology,,,2,,,3,,6.1,,A,
0046-3892,Financial Management,F&A,,2,2,A,B,3,P,6.0,B,A*,2
0047-2506,Journal of International Business Studies,IB,1,1,2,A,A+,4*,P*,16.2,A,A*,1*
0047-259X,Journal of Multivariate Analysis,"OR,MS,POM",,,2,,B,3,,2.4,,A,
0047-2727,Journal of Public Economics,Economics,,1,2,A,A,3,EP,14.1,A,A*,1
0047-2778,Journal of Small Business Management,Entrep,,2,2,A,B,3,S,11.4,B,A,2
0047-2794,Journal of Social Policy,PSM,,,2,,B,3,EP,4.4,,A,
0047-2875,Journal of Travel Research,Tourism,,4,1,A,,4,EP*,18.9,B,A*,2
0048-3486,Personnel Review,"OS/OB,HRM/IR",,3,1,B,B,2,S,7.1,B,A,3
0048-5829,Public Choice,PSM,,1,2,A,B,3,,3.6,,A,
0048-7333,Research Policy,Economics,1,1,2,A,A,4*,P*,12.8,A,A*,1*
0049-089X,Social Science Research,Sociology,,,2,,,3,,4.3,,,
0049-1241,Sociological Methods and Research,Sociology,,,2,B,,,EP*,16.3,,,4
0049-4488,Transportation,"OR,MS,POM",,,2,,B,2,S,10.7,B,A,3
0066-4308,Annual Review of Psychology,Psychology [Range highest to,,,2,,,4,EP*,47.3,,A*,
0066-4812,Antipode,Sociology,,,2,,,3,EP,9.5,,,
0070-3370,Demography,Economics,,1,2,A,,,EP,5.9,,A,
0081-1750,Sociological Methodology,Sociology,,,2,,,3,,4.5,,A,
0090-0036,American Journal of Public Health,Economics,,,2,,,,EP*,9.5,,A*,
0090-2616,Organizational Dynamics,"OS/OB,HRM/IR",,2,1,A,B,3,S,4.6,B,A,2
0090-4848,Human Resource Management,"OS/OB,HRM/IR",1,2,2,A,A,4,P,11.5,A,A*,1
0090-5364,Annals of Statistics,"OR,MS,POM",,,2,,A,4*,EP*,9.3,,A*,
0091-1798,Annals of Probability,"OR,MS,POM",,,2,,,,EP,4.6,,A*,
0091-3367,Journal of Advertising,Marketing,,3,1,A,B,3,P,11.2,B,A,2
0092-0703,Journal of the Academy of Marketing Science,Marketing,1,1,2,A,A,4*,P*,30.0,A,A*,1
0092-2102,"INFORMS Journal on Applied Analytics (formerly Interfaces)OR,MS,POM",,,,1,,,2,,N/A,B,B,3
0092-5853,American Journal of Political Science,Sociology,,,2,,,4*,EP*,9.3,,A*,
0093-5301,Journal of Consumer Research,Marketing,1,1,2,A,A+,4*,P*,12.0,A+,A*,1*
0093-6502,Communication Research,Comm,,,2,,,,S,17.1,,A,
0094-1190,Journal of Urban Economics,Economics,,1,2,A,,3,EP,10.6,,A*,
0095-0696,Journal of Environmental Economics and Management,Economics,,1,2,A,A,3,EP,8.0,B,A*,1
0095-2583,Economic Inquiry,Economics,,2,1,A,,3,,3.8,,A,
0095-3997,Administration and Society,PSM,,2,2,A,B,2,S,4.5,B,B,3
0095-4918,Journal of Portfolio Management,F&A,,3,1,B,B,3,S,2.2,B,A,3
0096-3445,Journal of Experimental Psychology: General,Psychology,,,2,,,4,EP,6.2,,A*,
0097-5397,SIAM Journal on Computing,"MIS, KM",,,2,,,,,4.6,A,,
0098-3500,ACM Transactions on Mathematical Software,"MIS, KM",,,2,,,,EP,5.0,,,
0098-5589,IEEE Transactions on Software Engineering,"MIS, KM",,,2,A,,,EP*,9.7,B,,3
0138-9130,Scientometrics,Innovation,,,2,,B,2,,7.2,,A,3
0140-2382,West European Politics,Sociology,,,2,,,3,EP,10.0,,B,
0140-9883,Energy Economics,Economics,,2,2,A,A,3,EP*,18.6,B,A*,2
0141-1926,British Educational Research Journal,Education,,,2,,,2,,4.7,,,4
0142-5455,Employee Relations,"OS/OB,HRM/IR",,4,1,B,,2,,6.5,B,A,3
0143-2095,Strategic Management Journal,Gen & Strat,1,1*,2,A,A+,4*,P*,13.7,A+,A*,1*
0143-5671,Fiscal Studies,F&A,,3,1,B,,2,,13.5,C,B,
0143-6570,Managerial and Decision Economics,Economics,,3,1,B,,2,,3.2,B,B,3
0143-6597,Third World Quarterly,Sociology,,3,1,B,,2,,4.1,,A,
0143-7720,International Journal of Manpower,"OS/OB,HRM/IR",,3,1,B,,2,,8.4,C,A,3
0143-7739,Leadership and Organization Development Journal,Gen & Strat,,4,1,C,,1,,7.7,C,B,4
0143-831X,Economic and Industrial Democracy,Economics,,3,1,B,,3,,4.1,B,A,3
0144-1647,Transport Reviews,"OR,MS,POM",,3,2,B,B,2,S,17.7,C,A,3
0144-3577,"International Journal of Operations and Production Manag OR,MS,POM",,,2,2,A,A,4,P,13.3,B,A,1
0144-5596,Social Policy and Administration,PSM,,,2,,B,2,EP,6.5,,A,
0144-6665,British Journal of Social Psychology,Psychology,,,1,,,3,EP,9.5,,A,
0144-8188,International Review of Law and Economics,Economics,,1,2,A,B,2,,2.6,B,B,
0144-929X,Behaviour and Information Technology,"MIS, KM",,,2,,B,2,,7.7,,A,3
0146-1672,Personality and Social Psychology Bulletin,Psychology,,,1,,,4,EP,9.2,A,A*,
0147-1767,International Journal of Intercultural Relations,"OS/OB,HRM/IR",,,1,,,1,,4.3,,B,4
0147-5967,Journal of Comparative Economics,Economics,,1,1,A,,3,,4.4,,A,
0148-2963,Journal of Business Research,Marketing,,2,2,A,B,3,S,20.3,B,A,2
0148-4184,Accounting Historians Journal,F&A,,3,1,B,,2,,0.5,B,B,4
0148-558X,"Journal of Accounting, Auditing and Finance",F&A,,3,1,B,B,3,,4.2,B,A,3
0149-0400,Leisure Sciences,Tourism,,,1,,,2,EP,5.8,,A,
0149-2063,Journal of Management,Gen & Strat,1,1,2,A,A+,4*,P*,22.4,A,A*,1
0155-9982,Accounting Forum,F&A,,4,1,C,,3,,5.2,B,A,3
0160-0176,International Regional Science Review,Economics,,2,1,A,,,,4.5,,B,
0160-3477,Journal of Post Keynesian Economics,Economics,,2,1,A,,2,,1.7,,B,
0160-5682,Journal of the Operational Research Society,"OR,MS,POM",,2,2,A,B,3,S,6.8,B,A,2
0160-7383,Annals of Tourism Research,Tourism,,3,2,A,,4,S,19.1,C,A*,2
0160-8061,Journal of Organizational Behavior Management,"OS/OB,HRM/IR",,3,1,B,,2,,2.7,B,B,3
0161-8938,Journal of Policy Modeling,PSM,,4,1,C,,2,,6.2,,A,
0162-1459,Journal of the American Statistical Association,Economics [Range highest to,,,2,,,4,EP*,7.5,,A*,
0162-2439,Science Technology and Human Values,Innovation,,,2,,B,2,EP,7.7,,A,3
0163-4437,"Media, Culture and Society",Comm,,,2,,,,EP,6.4,,B,
0164-0704,Journal of Macroeconomics,Economics,,2,1,A,,2,,2.5,,A,
0165-1587,European Review of Agricultural Economics,Economics,,2,1,A,,3,EP,6.6,,A,
0165-1765,Economics Letters,Economics,,3,1,B,B,3,,3.2,B,A,
0165-1889,Journal of Economic Dynamics and Control,Economics,,1,2,A,B,3,,3.1,A,A*,2
0165-4101,Journal of Accounting and Economics,F&A,1,1*,2,A,A+,4*,P*,8.7,A+,A*,1*
0165-4896,Mathematical Social Sciences,Economics,,2,1,A,,2,,1.3,,A,
0165-5515,Journal of Information Science,"MIS, KM",,,2,,,2,,6.8,,,4
0166-0462,Regional Science and Urban Economics,Economics,,2,1,A,,3,,5.3,,A,3
0166-4972,Technovation,Innovation,,2,2,A,B,3,S,15.1,B,A,2
0167-2681,Journal of Economic Behavior and Organization,Economics,,2,2,A,B,3,S,3.8,A,A*,2
0167-4544,Journal of Business Ethics,"OS/OB,HRM/IR",1,2,2,A,A,3,P,12.8,A,A,1
0167-4870,Journal of Economic Psychology,Economics,,2,1,A,B,2,S,5.2,B,A,3
0167-6245,Information Economics and Policy,Economics,,2,1,A,,2,,5.0,,A,
0167-6296,Journal of Health Economics,Economics,,1,2,A,A,3,EP,6.1,A+,A*,
0167-6377,Operations Research Letters,"OR,MS,POM",,2,2,A,B,2,S,2.1,B,B,
0167-6687,Insurance: Mathematics and Economics,"MIS, KM",,3,2,B,B,3,,3.4,B,A*,3
0167-7187,International Journal of Industrial Organization,"OS/OB,HRM/IR",,1,2,A,B,3,P,2.5,B,A*,
0167-8116,International Journal of Research in Marketing,Marketing,,2,2,A,A,4,P*,11.8,A,A*,1
0167-9236,Decision Support Systems,"MIS, KM",,2,2,A,A,3,P,14.7,B,A*,2
0168-8510,Health Policy,Economics,,2,2,A,B,2,,6.4,B,A,2
0169-023X,Data and Knowledge Engineering,"MIS, KM",,,2,,,,,5.0,B,,
0169-2070,International Journal of Forecasting,Economics,,2,2,A,B,3,EP,17.1,B,A,3
0169-5150,Agricultural Economics,Economics,,2,1,A,,2,EP,N/A,,A,
0170-8406,Organization Studies,"OS/OB,HRM/IR",1,1,2,A,A,4,P*,11.5,A,A*,1
0171-6468,OR Spectrum,"OR,MS,POM",,3,1,B,B,3,S,4.9,A,B,
0176-1714,Social Choice and Welfare,Sociology,,1,1,A,,3,,1.6,,A,
0176-2680,European Journal of Political Economy,Economics,,2,1,A,,2,,3.4,,A,
0190-0692,International Journal of Public Administration,PSM,,3,1,B,,2,,4.7,B,B,3
0190-292X,Policy Studies Journal,PSM,,,2,,,3,EP*,11.6,,B,
0191-2615,Transportation Research Part B: Methodological,"OR,MS,POM",,2,2,A,,,EP*,12.4,A,A*,1
0191-3085,Research in Organizational Behavior,"OS/OB,HRM/IR",,2,1,A,B,3,,1.6,B,A,2
0191-8869,Personality and Individual Differences,Psychology,,,2,,,3,,8.5,B,A,
0195-3613,Journal of Labor Research,"OS/OB,HRM/IR",,4,1,C,,2,,1.5,,B,4
0195-6574,Energy Journal,Economics,,1,1,A,,3,,5.1,,A,2
0197-2243,Information Society,"MIS, KM",,,2,,B,3,,5.0,,A,3
0198-9073,Journal of the American Taxation Association,F&A,,,,,,3,,3.2,B,A,
0217-4561,Asia Pacific Journal of Management,IB,,4,2,B,B,3,S,9.7,B,A,3
0219-0249,International Journal of Theoretical and Applied Finance,F&A,,3,1,B,,2,,1.1,,B,4
0254-5330,Annals of Operations Research,"OR,MS,POM",,2,1,A,B,3,S,7.9,B,A,2
0257-0130,Queueing Systems,"OR,MS,POM",,,1,,,2,,2.3,,,
0257-3032,World Bank Research Observer,Economics,,,1,,,2,EP,12.6,,B,
0258-6770,World Bank Economic Review,Economics,,1,1,A,,3,,5.1,,A,3
0261-5177,Tourism Management,Tourism,,2,2,A,,4,EP*,24.1,B,A*,1
0261-5606,Journal of International Money and Finance,F&A,,2,2,A,B,3,P,4.2,B,A,2
0262-1711,Journal of Management Development,"OS/OB,HRM/IR",,4,1,C,,1,,7.0,,C,4
0263-2373,European Management Journal,Gen & Strat,,3,1,B,B,2,S,12.9,B,A,3
0263-2764,"Theory, Culture and Society",Gen & Strat,,,2,,B,3,EP*,4.2,,,3
0263-4503,Marketing Intelligence and Planning,Marketing,,,1,,,1,,8.0,,A,
0263-5577,Industrial Management and Data Systems,"OR,MS,POM",,3,1,B,B,2,,9.6,C,A,3
0263-774X,Environment and Planning C: Government and Policy,PSM,,,2,,,3,,N/A,,B,
0263-7758,Environment and Planning D: Society and Space,PSM,,,2,,B,4,EP,7.7,,A,4
0263-7863,International Journal of Project Management,"OR,MS,POM",,2,2,A,B,2,EP,12.3,B,A*,2
0264-2069,Service Industries Journal,"OR,MS,POM",,,1,,B,2,S,19.0,C,B,3
0264-9993,Economic Modelling,Economics,,2,1,A,,2,EP,8.0,,A,3
0265-0487,International Journal of Advertising,Marketing [Range highest to,,3,2,B,B,2,EP,13.9,C,A,3
0265-1335,International Marketing Review,Marketing,,3,1,A,,3,S,8.7,B,A,2
0265-2323,International Journal of Bank Marketing,Marketing,,4,1,C,,1,,10.7,D,A,4
0265-671X,"International Journal of Quality and Reliability Managemen OR,MS,POM",,,3,1,B,,2,,5.6,,B,4
0265-8135,Environment and Planning B: Planning and Design,PSM,,,2,,,,,N/A,,A*,
0266-2426,International Small Business Journal,Entrep,,2,2,A,B,3,S,12.6,B,A,2
0266-2671,Economics and Philosophy,Economics,,2,1,A,,2,,1.8,,A,
0266-4658,Economic Policy,Economics,,2,1,A,,3,EP,4.8,,A,
0266-4666,Econometric Theory,Economics,,1,2,A,,4,,1.9,,A*,
0266-903X,Oxford Review of Economic Policy,Economics,,3,1,B,,2,EP,12.5,,A,
0267-257X,Journal of Marketing Management,Marketing,,3,1,B,B,2,,8.0,C,A,3
0267-4424,Financial Accountability and Management,F&A,,3,2,B,B,3,,4.9,C,A,4
0267-5730,International Journal of Technology Management,Innovation,,3,2,B,,2,,2.7,C,B,3
0267-8373,Work and Stress,"OS/OB,HRM/IR",,3,2,B,B,4,EP,11.7,B,A,3
0268-0939,Journal of Education Policy,Education,,,2,,,2,EP,8.1,,,
0268-1072,"New Technology, Work and Employment","OS/OB,HRM/IR",,,1,,B,3,S,10.5,B,A,2
0268-3946,Journal of Managerial Psychology,"OS/OB,HRM/IR",,4,1,B,,3,,5.5,B,B,3
0268-3962,Journal of Information Technology,"MIS, KM",,2,2,A,A,4,P*,10.0,A,A*,1
0268-4012,International Journal of Information Management,"MIS, KM",,3,2,A,B,2,S,53.1,B,A,2
0268-6902,Managerial Auditing Journal,F&A,,4,1,B,,2,,5.4,B,A,3
0269-0942,Local Economy,PSM,,,1,C,,2,,3.2,,C,4
0269-2171,International Review of Applied Economics,Economics,,4,1,C,,1,,4.3,,B,
0269-994X,Applied Psychology,Psychology,,3,1,B,B,3,S,13.7,B,A,2
0270-2592,Journal of Financial Research,F&A,,3,1,B,B,3,S,1.7,B,A,3
0270-7314,Journal of Futures Markets,F&A,,3,1,B,B,3,S,3.7,B,A,3
0271-2075,Public Administration and Development,PSM,,3,1,B,,2,,3.3,C,A,3
0272-4944,Journal of Environmental Psychology,Psychology,,,2,,,3,EP,10.6,,A,
0272-6963,Journal of Operations Management,"OR,MS,POM",1,1,2,A,A+,4*,P*,11.0,A,A*,1*
0272-7757,Economics of Education Review,Education,,2,2,A,,2,,3.3,,A,
0273-4753,Journal of Marketing Education,Education,,,1,C,,2,,6.0,C,B,4
0275-0740,American Review of Public Administration,PSM,,,2,B,B,3,,12.1,B,B,3
0275-5319,Research in International Business and Finance,F&A,,4,1,C,,2,,11.2,C,A,3
0275-6668,Journal of Business Strategy,Gen & Strat,,4,1,C,,1,,4.5,C,B,4
0276-1467,Journal of Macromarketing,Marketing,,3,1,B,B,2,,5.0,C,A,2
0276-5624,Research in Social Stratification and Mobility,Sociology,,,2,,,3,,7.8,,,
0276-7783,MIS Quarterly: Management Information Systems,"MIS, KM",1,1*,2,A,A+,4*,P*,13.3,A+,A*,1*
0276-8739,Journal of Policy Analysis and Management,PSM,,2,2,A,B,3,EP,5.8,B,A,3
0277-6693,Journal of Forecasting,Gen & Strat,,3,1,B,,2,,5.4,B,A,3
0277-9536,Social Science and Medicine,Sociology,,1,2,A,,4,EP*,9.1,A,A,1
0278-0380,Auditing,F&A,,2,2,A,A,3,P,4.3,A,A*,2
0278-4254,Journal of Accounting and Public Policy,F&A,,2,1,A,B,3,P,4.8,B,A*,2
0278-4319,International Journal of Hospitality Management,Tourism,,,1,B,,3,EP*,21.2,,A*,3
0278-6125,Journal of Manufacturing Systems,"OR,MS,POM",,3,2,B,B,1,EP*,23.3,C,B,4
0278-7393,Journal of Experimental Psychology: Learning Memory and Psychology,,,,2,,,3,,4.3,,A,
0300-3930,Local Government Studies,PSM,,3,2,B,B,2,,4.8,B,A,3
0301-4215,Energy Policy,Economics,,2,2,A,B,2,EP*,17.3,B,A,2
0301-4797,Journal of Environmental Management,Economics,,3,2,B,B,3,EP,13.7,B,,2
0304-3878,Journal of Development Economics,Economics,,1,2,A,,3,EP,8.3,,A*,
0304-3932,Journal of Monetary Economics,Economics,,1,2,A,,4,EP,7.2,A,A*,
0304-405X,Journal of Financial Economics,F&A,1,1,2,A,A+,4*,P*,15.8,A+,A*,1*
0304-4068,Journal of Mathematical Economics,Economics,,1,1,A,,3,,1.7,,A,
0304-4076,Journal of Econometrics,Economics,,1,2,A,,4,,8.6,A,A*,
0304-4130,European Journal of Political Research,Sociology,,,2,,,,EP*,10.0,,A,
0305-0483,OMEGA,"OR,MS,POM",,2,2,A,B,3,P,13.8,B,A,2
0305-0548,Computers and Operations Research,"OR,MS,POM",,2,1,A,B,3,P,8.6,B,A,
0305-5736,Policy and Politics,PSM,,2,2,A,B,3,EP,7.9,,A,3
0305-7410,China Quarterly,Economics,,,2,,,2,EP*,3.2,,A,
0305-750X,World Development,Economics [Range highest to,,1,2,A,,3,EP*,12.7,,A*,2
0305-9049,Oxford Bulletin of Economics and Statistics,Economics,,2,1,A,,3,,5.1,,A,
0306-3070,Journal of General Management,Gen & Strat,,,1,C,,1,,2.6,C,C,4
0306-3127,Social Studies of Science,Innovation,,,2,,,2,EP*,5.7,,,
0306-4379,Information Systems,"MIS, KM",,,2,,,,,9.4,B,,
0306-4573,Information Processing and Management,"MIS, KM",,,2,,B,2,S,17.0,,,3
0306-686X,Journal of Business Finance and Accounting,F&A,,2,2,A,B,3,P,4.4,B,A*,2
0306-8293,International Journal of Social Economics,Economics,,,1,B,,1,,3.2,,B,
0307-3378,Bulletin of Economic Research,Economics,,3,1,B,,2,,1.4,,B,
0307-4358,Managerial Finance,F&A,,4,1,C,,1,,3.3,C,B,4
0307-5079,Studies in Higher Education,Education,,,2,,,3,EP,10.2,A,A,3
0308-5147,Economy and Society,Economics,,2,2,A,,3,,6.3,,A,3
0308-518X,Environment and Planning A,PSM,,2,2,A,B,3,EP,9.5,,A*,2
0308-5961,Telecommunications Policy,"MIS, KM",,4,1,C,,1,,10.8,C,,4
0308-597X,Marine Policy,Economics,,,2,,,2,EP*,7.6,,A,4
0309-0566,European Journal of Marketing,Marketing,,3,2,B,B,3,S,6.9,B,A*,2
0309-1317,International Journal of Urban and Regional Research,Sociology,,3,2,B,,2,,6.7,,B,3
0309-1325,Progress in Human Geography,Sociology,,,2,,,3,EP*,16.4,,,
0309-166X,Cambridge Journal of Economics,Economics,,2,2,A,,3,,4.3,,A,
0309-8168,Capital and Class,Sociology,,,1,B,,2,,3.8,,B,
0312-8962,Australian Journal of Management,Gen & Strat,,,1,,,2,,10.6,C,A,4
0313-6647,Australian Journal of Public Administration,PSM,,,1,,,2,,4.4,C,A,4
0338-4551,Revue Francaise de Gestion,Gen & Strat,,3,1,A,,,,0.6,,,2
0340-0727,Psychological Research,Psychology,,,2,,,3,,5.1,,A,
0347-0520,Scandinavian Journal of Economics,Economics,,2,2,A,,3,,2.5,,A,3
0360-0300,ACM Computing Surveys,"MIS, KM",,,2,,,,EP*,33.2,A,,
0360-0572,Annual Review of Sociology,Sociology,,,2,,,4*,EP*,18.7,,A*,2
0360-3989,Human Communication Research,Comm,,,2,,,,EP,8.2,,,
0360-8352,Computers and Industrial Engineering,"OR,MS,POM",,3,1,B,,2,S,12.7,B,A,3
0361-3682,"Accounting, Organizations and Society",F&A,1,1,2,A,A,4*,P*,7.8,A+,A*,1*
0361-6843,Psychology of Women Quarterly,"OS/OB,HRM/IR",,,1,,B,3,EP*,6.1,,A,
0363-0129,SIAM Journal on Control and Optimization,"OR,MS,POM",,,2,,,,EP,4.0,,,
0363-7425,Academy of Management Review,Gen & Strat,1,1*,2,A,A+,4*,P*,24.6,A+,A*,1*
0364-765X,Mathematics of Operations Research,"OR,MS,POM",,1,2,A,B,3,,3.4,A,A,
0377-2217,European Journal of Operational Research,"OR,MS,POM",,1,1,A,A,4,P,11.9,A,A*,1
0377-7332,Empirical Economics,Economics,,4,1,C,,2,,4.4,,A,
0378-4266,Journal of Banking and Finance,F&A,,2,2,A,A,3,P,6.4,A,A*,1
0378-5920,World Economy,Economics,,2,1,A,,2,,4.5,C,A,
0378-7206,Information and Management,"MIS, KM",,2,2,A,A,3,P,17.9,B,A*,1
0391-5115,Journal of European Economic History,Economics,,4,,C,,1,,0.4,,B,
0515-0361,Astin Bulletin,F&A,,3,2,B,B,2,,3.2,C,A*,3
0570-1864,Annals of Regional Science,Economics,,2,1,A,,2,,3.6,,B,
0730-8884,Work and Occupations,"OS/OB,HRM/IR",,3,2,B,B,3,EP,5.9,B,A,3
0732-2399,Marketing Science,Marketing,1,1,2,A,A+,4*,P*,8.6,A+,A*,1*
0732-8516,Financial Review,F&A,,4,1,B,B,3,,3.3,B,A,3
0733-558X,Research in the Sociology of Organizations,Sociology,,3,1,,B,3,,4.9,B,B,
0734-306X,Journal of Labor Economics,Economics,,1,2,A,A,4,EP,6.4,A,A*,1
0734-9149,Public Administration Quarterly,PSM,,,1,,,1,,1.1,C,A,4
0735-0015,Journal of Business and Economic Statistics,Economics,,1,2,A,,4,P,5.0,,A*,1
0735-2751,Sociological Theory,Sociology,,,2,,,,EP,6.9,,A,
0735-3766,Journal of Business Logistics,"OR,MS,POM",,2,1,A,B,3,S,14.4,A,A,2
0736-3761,Journal of Consumer Marketing,Marketing,,4,1,C,,1,,5.0,C,A,4
0737-0024,Human-Computer Interaction,"MIS, KM",,,2,,B,1,EP,12.2,B,A,3
0737-4607,Journal of Accounting Literature,F&A,,3,1,B,B,3,,N/A,B,A,3
0737-6782,Journal of Product Innovation Management,Innovation,,1,2,A,A,4,P,17.0,A,A*,1
0739-3172,Issues in Accounting Education,Education,,,1,,,2,,2.6,B,A,
0740-817X,IISE Transactions (Institute of Industrial Engineers),"MIS, KM",,,1,,B,3,P,N/A,A,A,
0741-6261,RAND Journal of Economics,Economics [Range highest to,,1,2,A,A,4,,4.6,A,A*,1
0742-1222,Journal of Management Information Systems,"MIS, KM",1,1,2,A,A,4,P*,10.2,A,A*,1
0742-3322,Advances in Strategic Management,Gen & Strat,,3,1,B,,2,,1.0,B,C,3
0742-6046,Psychology and Marketing,Marketing,,3,2,A,B,3,S,12.1,B,A,2
0743-0167,Journal of Rural Studies,PSM,,,2,,,3,EP,9.8,,,
0743-9156,Journal of Public Policy and Marketing,Marketing,,2,2,A,B,3,P,10.2,B,A,2
0747-4938,Econometric Reviews,Economics,,2,1,A,,3,,1.7,,A,
0747-5632,Computers in Human Behavior,"MIS, KM",,,1,,B,2,EP*,19.1,B,A,3
0748-4526,Negotiation Journal,Gen & Strat,,,1,,,2,,1.8,,B,4
0748-5751,Journal of Accounting Education,Education,,,1,,,2,,4.2,C,B,
0749-5978,Organizational Behavior and Human Decision Processes,"OS/OB,HRM/IR",1,1,2,A,A,4,P*,8.9,A,A*,1
0810-5391,Accounting and Finance,F&A,,3,1,B,B,2,S,5.1,B,A,3
0823-9150,Contemporary Accounting Research,F&A,1,2,2,A,A,4,P*,6.2,A+,A*,1
0825-0383,Canadian Journal of Administrative Sciences,Multidisciplinary,,,1,B,,2,,3.4,,B,2
0882-6110,Advances in Accounting,F&A,,4,1,B,,2,,2.5,B,A,3
0883-7252,Journal of Applied Econometrics,Economics,,1,2,A,,3,,3.7,,A*,
0883-9026,Journal of Business Venturing,Entrep,1,1,2,A,A,4*,P*,16.7,A,A*,1*
0885-3134,Journal of Personal Selling and Sales Management,Marketing,,4,1,B,,2,,5.7,B,A,3
0885-8624,Journal of Business and Industrial Marketing,Marketing,,3,1,B,,2,,6.6,C,A,3
0887-378X,Milbank Quarterly,PSM,,2,1,A,B,3,EP*,9.6,,B,3
0887-4417,Journal of Computer Information Systems,"MIS, KM",,,1,,,2,,6.8,,A,4
0887-6045,Journal of Services Marketing,Marketing,,3,1,B,B,2,,7.8,C,A,3
0888-4773,Journal of Sport Management,Gen & Strat,,,1,,B,2,,5.8,C,A,4
0888-7985,Journal of Information Systems,F&A,,,1,,,1,,3.9,B,A,4
0888-7993,Accounting Horizons,F&A,,3,2,A,B,3,S,3.8,B,A,2
0889-3268,Journal of Business and Psychology,"OS/OB,HRM/IR",,3,1,B,B,3,EP,8.8,B,A,3
0889-4019,Career Development Quarterly,"OS/OB,HRM/IR",,,2,,,2,,3.8,C,,4
0889-938X,Review of Industrial Organization,Economics,,2,1,A,,2,S,2.1,,A,3
0890-2070,European Journal of Personality,Psychology,,,2,,,,EP*,11.9,,A,
0890-8389,British Accounting Review,F&A,,3,1,B,B,3,S,8.6,B,A*,2
0891-1762,Journal of Global Marketing,Marketing,,,1,,,1,,6.8,C,B,
0891-2424,Economic Development Quarterly,PSM,,2,1,A,,,,2.2,,B,
0891-2432,Gender and Society,PSM,,,2,,B,3,EP*,9.7,B,A*,2
0893-3189,Management Communication Quarterly,Gen & Strat,,4,2,B,B,2,,4.3,,B,4
0893-9454,Review of Financial Studies,F&A,1,1,2,A,A+,4*,P*,16.0,A+,A*,1*
0894-069X,Naval Research Logistics,"OR,MS,POM",,3,1,B,B,3,S,4.2,B,B,
0894-3257,Journal of Behavioral Decision Making,Psychology,,3,1,B,B,3,S,4.4,B,A,2
0894-3796,Journal of Organizational Behavior,"OS/OB,HRM/IR",,2,2,A,A,4,P,10.5,A,A*,1
0894-4865,Family Business Review,"OS/OB,HRM/IR",,2,1,A,B,3,S,12.4,B,A,2
0895-3309,Journal of Economic Perspectives,Economics,,1,1,A,,4,EP*,14.0,A,A*,
0895-562X,Journal of Productivity Analysis,"OR,MS,POM",,3,1,B,B,2,,3.1,C,A,3
0895-5638,Journal of Real Estate Finance and Economics,F&A,,3,1,B,B,3,S,3.8,C,A,3
0895-5646,Journal of Risk and Uncertainty,Economics,,2,2,A,B,3,S,6.3,B,A*,2
0895-6308,Research Technology Management,"OR,MS,POM",,,1,,B,2,S,3.9,C,B,3
0895-9285,Human Performance,"OS/OB,HRM/IR",,,1,B,B,3,,4.3,,A,3
0898-5626,Entrepreneurship and Regional Development,Entrep,,,2,A,B,3,S,7.9,B,A,2
0899-7640,Nonprofit and Voluntary Sector Quarterly,PSM,,3,1,B,B,3,S,5.3,A,A,2
0899-8256,Games and Economic Behavior,Economics,,1,2,A,,3,,1.9,,A*,
0905-0167,Scandinavian Journal of Information Systems,"MIS, KM",,,2,,B,2,,2.0,B,A,4
0920-8550,Journal of Financial Services Research,F&A,,3,2,B,B,3,S,3.0,B,A,3
0921-8009,Ecological Economics,Economics,,1,1,A,B,3,EP*,12.0,B,A,2
0921-898X,Small Business Economics,Entrep,,2,2,A,B,3,P,14.1,B,A,2
0922-680X,Journal of Regulatory Economics,Economics,,2,1,A,,2,,2.4,,A,
0923-0645,Marketing Letters,Marketing,,2,2,A,B,3,P,5.9,B,A,2
0923-4748,Journal of Engineering and Technology Management - JETInnovation,,,3,1,B,B,2,S,8.0,C,B,3
0924-6460,Environmental and Resource Economics,Economics,,2,1,A,,3,EP,10.2,,A,2
0924-865X,Review of Quantitative Finance and Accounting,F&A,,4,1,B,,3,,3.2,B,B,3
0925-5273,International Journal of Production Economics,"OR,MS,POM [Range highest to",,1,2,A,B,3,S,21.4,B,A,2
0925-7535,Safety Science,"OR,MS,POM",,,2,,,2,EP,13.0,,A,3
0926-2644,Group Decision and Negotiation,Gen & Strat,,3,1,B,B,2,S,5.7,B,A,3
0927-5371,Labour Economics,Economics,,2,2,A,B,3,,3.6,B,A*,2
0927-538X,Pacific Basin Finance Journal,F&A,,4,1,B,B,2,S,6.8,C,A,3
0927-5398,Journal of Empirical Finance,F&A,,3,2,A,B,3,P,3.4,B,A,2
0927-5940,International Tax and Public Finance,PSM,,2,1,A,,2,,2.4,B,A,
0929-1199,Journal of Corporate Finance,F&A,,2,2,A,A,4,P,11.8,A,A*,1
0931-8658,Journal of Economics/ Zeitschrift fur Nationalokonomie,Economics,,3,1,B,,2,,1.7,,B,
0932-4569,Journal of Institutional and Theoretical Economics,Economics,,2,1,A,,2,,1.3,B,B,
0933-1433,Journal of Population Economics,Economics,,2,1,A,,3,,9.6,,A*,
0936-9937,Journal of Evolutionary Economics,Economics,,2,1,A,,2,S,3.6,,A,
0938-2259,Economic Theory,Economics,,1,1,A,,3,,2.5,,A*,
0938-8249,Management International Review,IB,,3,1,B,B,3,S,6.5,B,A,3
0949-2984,Finance and Stochastics,F&A,,3,2,A,B,3,S,2.9,B,A,2
0950-0170,"Work, Employment and Society","OS/OB,HRM/IR",,3,2,A,B,4,S,7.9,B,A,2
0950-0804,Journal of Economic Surveys,Economics,,2,1,A,,2,EP,11.3,,A,
0950-3293,Food Quality and Preference,Marketing,,,2,,,,EP,10.4,B,A,4
0950-5849,Information and Software Technology,"MIS, KM",,,2,,,,EP,9.1,,,
0950-7051,Knowledge-Based Systems,"MIS, KM",,,2,,,,EP,14.8,,,4
0951-3558,International Journal of Public Sector Management,PSM,,3,1,B,,1,,5.0,B,B,4
0951-3574,"Accounting, Auditing and Accountability Journal",F&A,,2,1,A,,3,S,9.5,B,A*,2
0951-4848,Health Services Management Research,PSM,,4,1,C,,1,,4.0,C,C,4
0951-5224,Higher Education Quarterly,PSM,,,1,,,2,,4.5,B,C,4
0951-8320,Reliability Engineering and System Safety,"OR,MS,POM",,,1,,B,3,EP,15.2,,A,
0952-1895,Governance,PSM,,3,2,B,B,4,EP,5.7,A,,2
0953-4814,Journal of Organizational Change Management,Gen & Strat,,3,1,B,,2,S,5.8,B,B,3
0953-7287,Production Planning and Control,"OR,MS,POM",,2,2,A,B,3,EP,19.3,B,A,2
0953-7325,Technology Analysis and Strategic Management,Gen & Strat,,3,1,B,,2,S,8.0,C,B,3
0954-0962,Public Money and Management,PSM,,3,1,B,,2,,5.0,C,A,3
0954-1314,Journal of International Financial Management and AccounF&A,,,,1,,,2,,9.1,B,A,
0954-1748,Journal of International Development,Economics,,3,1,B,,2,,2.8,,B,
0954-1985,Economics and Politics,Economics,,3,1,B,,2,,2.4,,A,
0954-5395,Human Resource Management Journal,"OS/OB,HRM/IR",,3,2,A,B,4*,P,11.9,A,A*,1
0955-534X,European Business Review,Gen & Strat,,3,1,B,B,2,,8.3,B,B,3
0956-5221,Scandinavian Journal of Management,Gen & Strat,,3,2,B,B,2,S,4.0,B,B,3
0956-7976,Psychological Science,Psychology,,,2,,,4*,EP*,13.3,A+,A*,2
0957-4093,International Journal of Logistics Management,"OR,MS,POM",,3,1,B,B,1,,12.2,B,A,3
0957-4174,Expert Systems with Applications,"MIS, KM",,3,2,B,B,1,EP*,13.8,B,,3
0957-8765,VOLUNTAS,"PSM OS/OB,",,,1,C,,2,,5.1,B,B,4
0958-5192,International Journal of Human Resource Management,HRM/IR IB,,3,2,A,B,3,S,11.7,A,A,2
0958-9287,Journal of European Social Policy,PSM,,,2,,,3,,5.8,B,,3
0959-0552,International Journal of Retail and Distribution ManagemenMarketing,,,3,1,B,B,2,,8.6,C,A,3
0959-3845,Information Technology and People,"MIS, KM",,3,2,B,B,3,,8.2,,A,2
0959-3969,"International Review of Retail, Distribution and Consumer Marketing",,,,1,,,1,,6.9,C,B,
0959-6119,International Journal of Contemporary Hospitality ManagemTourism,,,3,1,B,,3,EP,16.9,,A,3
0959-6801,European Journal of Industrial Relations,"OS/OB,HRM/IR",,3,2,B,B,3,S,6.2,B,A,3
0960-0035,"International Journal of Physical Distribution and Logistics MOR,MS,POM",,,2,1,A,B,2,S,11.2,B,A,2
0960-085X,European Journal of Information Systems,"MIS, KM",,1,2,A,A,4,P,23.1,A,A*,1*
0960-1627,Mathematical Finance,F&A,,2,2,A,B,3,S,4.1,B,A,2
0960-3107,Applied Financial Economics,Economics,,4,1,C,,2,,N/A,C,B,4
0960-6491,Industrial and Corporate Change,Economics,,1,2,A,B,3,P,5.1,B,A,2
0962-8770,"Business Ethics, the Environment & Reponsibility","OS/OB,HRM/IR",,4,1,B,,2,S,N/A,B,B,3
0963-1690,Creativity and Innovation Management,Innovation,,3,2,B,B,2,,7.7,B,B,3
0963-1798,Journal of Occupational and Organizational Psychology,"OS/OB,HRM/IR",,2,2,A,B,4,P,8.9,B,A*,2
0963-6625,Public Understanding of Science,Innovation,,,2,,,,EP*,7.3,,,
0963-8008,"Financial Markets, Institutions and Instruments",F&A,,3,1,B,,3,,1.8,B,A,3
0963-8180,European Accounting Review,F&A [Range highest to,,2,2,A,B,3,P,7.0,A,A*,2
0963-8687,Journal of Strategic Information Systems,"MIS, KM",,2,2,A,A,4,S,17.4,A,A*,1
0963-9284,Accounting Education,Education,,,1,,,2,,8.0,B,A,
0964-4733,Business Strategy and the Environment,Gen & Strat,,4,1,B,B,3,EP*,22.5,B,A,3
0964-8410,Corporate Governance: An International Review,IB,,3,1,B,B,3,S,7.0,B,A,3
0965-075X,International Journal of Selection and Assessment,"OS/OB,HRM/IR",,,1,C,B,2,S,4.1,B,A,3
0965-254X,Journal of Strategic Marketing,Marketing,,4,1,C,,2,,9.2,C,A,4
0965-4313,European Planning Studies,PSM,,,1,,,2,,7.2,,,
0965-7576,Review of International Economics,Economics,,2,1,A,,2,,1.9,,A,
0965-8564,Transportation Research Part A: Policy and Practice,"OR,MS,POM",,2,2,A,A,3,S,13.2,B,A*,2
0966-0410,Health and Social Care in the Community,PSM,,,1,,,2,EP,4.5,,,
0966-6923,Journal of Transport Geography,"OR,MS,POM",,,2,,B,2,S,11.5,B,A,3
0966-8136,Europe-Asia Studies,IB,,3,2,B,,2,,2.6,,B,4
0966-9582,Journal of Sustainable Tourism,Tourism,,,1,B,,3,EP,23.1,,A*,3
0967-070X,Transport Policy,"OR,MS,POM",,3,2,B,B,2,EP,12.1,B,A,3
0967-0750,Economics of Transition,Economics,,2,1,A,,2,,N/A,,A,
0967-2567,European Journal of the History of Economic Thought,Economics,,1,1,A,,2,,1.5,,B,3
0967-5426,Journal of Applied Accounting Research,F&A,,3,1,B,,2,,6.0,C,B,3
0968-090X,Transportation Research Part C: Emerging Technologies,"OR,MS,POM",,,2,,,,S,15.8,B,A*,
0968-6673,"Gender, Work and Organization","OS/OB,HRM/IR",,3,2,B,B,3,EP*,11.5,B,A,2
0969-5931,International Business Review,IB,,2,2,A,B,3,S,14.1,B,A,2
0969-6016,International Transactions in Operational Research,"OR,MS,POM",,3,1,B,,1,,7.8,B,B,4
0969-6989,Journal of Retailing and Consumer Services,Marketing,,3,1,B,B,2,S,20.4,B,A,3
1011-6702,Journal of World Trade,Economics,,4,2,C,,2,,1.7,,B,
1014-9562,Transnational Corporations,"Economics, IB",,,1,,,2,,4.5,C,,
1018-5895,Geneva Papers on Risk and Insurance: Issues and Practic Economics,,,3,1,B,,2,,3.9,B,B,3
1019-6781,Electronic Markets,"MIS, KM",,3,1,B,B,2,,14.8,B,A,3
1024-5294,Competition and Change,Sociology,,3,1,B,,2,,7.2,,B,3
1030-9616,Accounting Research Journal,F&A,,,1,,,2,,5.0,C,B,4
1032-3732,Accounting History,F&A,,3,1,B,,2,,2.2,B,A,3
1035-6908,Australian Accounting Review,F&A,,,1,,,2,,6.3,B,B,3
1038-4111,Asia Pacific Journal of Human Resources,"OS/OB,HRM/IR",,4,1,C,,2,,7.2,C,A,4
1041-4347,IEEE Transactions on Knowledge and Data Engineering,"MIS, KM",,,2,A,,,P,11.7,,,3
1042-2587,Entrepreneurship Theory and Practice,Entrep,1,1,2,A,A,4*,P,19.0,A,A*,1*
1042-4431,"Journal of International Financial Markets, Institutions and F&A",,,3,1,B,B,3,S,6.6,B,A,3
1042-444X,Journal of Multinational Financial Management,F&A,,4,1,C,,2,,7.3,,B,4
1042-9573,Journal of Financial Intermediation,F&A,,2,2,A,A,4,P,8.6,A,A*,1
1043-8599,Economics of Innovation and New Technology,Entrep,,3,1,B,,2,,7.2,C,B,3
1043-951X,China Economic Review,Economics,,2,1,A,,2,EP,10.6,,A,
1044-0283,Global Finance Journal,F&A,,,1,C,,2,,7.3,C,A,4
1044-4068,International Journal of Conflict Management,Gen & Strat,,,1,,,2,,4.8,,A,
1044-5005,Management Accounting Research,F&A,,1,2,A,A,3,,7.1,A,A*,2
1044-8004,Human Resource Development Quarterly,"OS/OB,HRM/IR",,,1,,,2,EP,7.6,C,A,4
1045-2354,Critical Perspectives on Accounting,F&A,,2,1,A,B,3,EP,9.4,B,A,2
1045-3172,British Journal of Management,Gen & Strat,,2,2,A,B,4,S,10.0,B,A*,2
1046-4964,Small Group Research,"OS/OB,HRM/IR",,,1,,,2,,6.7,,A,3
1046-8188,ACM Transactions on Information Systems,"MIS, KM",,,2,,B,,S,9.4,B,C,
1047-7039,Organization Science,"OS/OB,HRM/IR",1,1,2,A,A+,4*,P*,7.9,A+,A*,1*
1047-7047,Information Systems Research,"MIS, KM",1,1,2,A,A+,4*,P*,9.1,A+,A*,1*
1047-8310,Journal of High Technology Management Research,Innovation,,4,1,C,,2,,5.8,,,4
1048-6682,Nonprofit Management and Leadership,PSM,,,1,,,1,,4.5,B,B,4
1048-9843,Leadership Quarterly,"OS/OB,HRM/IR",,2,2,A,A,4,P,15.2,A,A*,1
1049-0078,Journal of Asian Economics,Economics,,4,1,C,,1,,4.7,,B,
1049-2127,Journal of Management Accounting Research,F&A,,3,1,B,B,2,,2.9,A,A*,3
1049-3301,ACM Transactions on Modeling and Computer Simulation,"MIS, KM",,,1,,,3,,2.5,,B,
1050-3293,Communication Theory,Comm,,,2,,,,,9.0,,A,
1050-4753,Behavioral Research in Accounting,F&A,,3,2,B,B,3,,3.7,B,A,3
1051-1377,Journal of Housing Economics,Economics [Range highest to,,2,1,A,,2,,3.3,,A,
1051-712X,Journal of Business-to-Business Marketing,Marketing,,4,2,C,B,1,S,2.2,C,B,4
1052-0457,Research in Accounting Regulation,F&A,,,,,,2,,N/A,C,,
1052-150X,Business Ethics Quarterly,"OS/OB,HRM/IR",,2,1,A,B,3,EP,6.2,A,A,2
1052-5629,Journal of Management Education,Education,,,1,,,2,,4.1,C,B,3
1052-6234,SIAM Journal on Optimization,"OR,MS,POM",,,2,,,3,EP,5.3,,,
1053-1858,Journal of Public Administration Research and Theory,PSM,,1,2,A,A,4,EP*,8.5,A,A,2
1053-4822,Human Resource Management Review,"OS/OB,HRM/IR",,3,2,A,B,3,P,20.2,A,A,2
1053-8372,Journal of the History of Economic Thought,Economics,,2,1,A,,2,,1.3,,B,
1054-8408,Journal of Travel and Tourism Marketing,Tourism,,3,1,B,,2,EP,13.5,,A,3
1056-4926,Journal of Management Inquiry,Gen & Strat,,3,1,A,B,3,S,8.3,B,A,2
1056-8190,Papers in Regional Science,Economics,,2,1,A,,3,,4.4,,A,3
1057-5219,International Review of Financial Analysis,F&A,,3,1,B,B,3,EP,10.3,B,A,3
1057-7408,Journal of Consumer Psychology,Marketing,1,1,1,A,A,4*,P*,8.4,A,A*,1
1057-9214,Journal of Multi-Criteria Decision Analysis,"OR,MS,POM",,4,1,C,,1,,4.7,B,B,
1057-9230,Health Economics (United Kingdom),Economics,,1,2,A,B,3,,3.6,A,A*,2
1058-0530,Information Systems Management,"MIS, KM",,,2,,,2,,14.6,B,A,4
1058-3300,Review of Financial Economics,F&A,,4,1,C,,1,,2.8,B,B,4
1058-4609,Political Communication,Comm,,,2,,,,EP*,13.9,,A,
1058-6407,Journal of Economics and Management Strategy,Economics,,1,2,A,B,2,P,3.2,B,A,2
1059-0560,International Review of Economics and Finance,Economics,,,1,C,,2,,7.3,C,A,3
1059-1478,Production and Operations Management,"OR,MS,POM",1,,2,A,A,4,P*,7.5,A,A*,1
1059-6011,Group and Organization Management,"OS/OB,HRM/IR",,3,2,A,B,3,S,8.4,B,A,2
1059-8596,Journal of Fixed Income,F&A,,3,1,B,B,2,,1.1,B,A,3
1061-0421,Journal of Product and Brand Management,Marketing,,4,1,B,,1,,10.9,C,A,4
1061-8600,Journal of Computational and Graphical Statistics,Economics,,,2,,,3,,3.5,,A*,
1061-9518,"Journal of International Accounting, Auditing and Taxation F&A",,,,1,,,3,,4.5,B,B,3
1062-7375,Journal of Global Information Management,"MIS, KM",,3,1,B,,2,,5.8,,A,3
1062-9769,Quarterly Review of Economics and Finance,Economics,,3,1,B,,2,,6.0,B,B,3
1063-8016,Journal of Database Management,"MIS, KM",,,2,,,1,,4.2,,A,4
1066-2243,Internet Research,"MIS, KM",,,2,,B,3,EP,11.2,B,A,3
1069-031X,Journal of International Marketing,Marketing,,2,2,A,B,3,S,8.7,B,A,2
1069-6679,Journal of Marketing Theory and Practice,Marketing,,4,1,C,,1,,6.8,B,B,4
1070-5511,Structural Equation Modeling,Marketing,,,1,,,,EP*,8.7,B,A,
1071-5819,International Journal of Human Computer Studies,"OR,MS,POM",,3,2,B,B,2,S,11.5,,B,3
1072-5245,International Journal of Stress Management,"Psych, OS/OB",,,1,,,2,,5.9,,A,4
1073-0516,ACM Transactions on Computer-Human Interaction,"MIS, KM",,4,2,B,B,,,8.5,B,,2
1074-1240,Journal of Derivatives,F&A,,3,1,B,B,2,S,1.3,B,A,3
1075-4253,Journal of International Management,IB,,3,2,B,B,3,S,9.8,B,A,2
1075-5470,Science Communication,Comm,,,2,,,,EP,13.5,,A,
1076-898X,Journal of Experimental Psychology: Applied,Psychology,,,1,,,4,,4.9,,A,
1076-8998,Journal of Occupational Health Psychology,Psychology,,,2,B,,4,EP*,8.2,B,A,2
1076-9307,International Journal of Finance and Economics,F&A,,3,1,B,,3,,5.7,,B,3
1078-1196,Journal of Applied Corporate Finance,F&A,,,1,,,1,,N/A,B,A,4
1080-8620,Real Estate Economics,Economics,,3,1,B,,3,S,4.0,B,A,3
1082-989X,Psychological Methods,Psychology,,,2,,,,EP*,13.1,A,B,
1083-5423,Tourism Analysis,Tourism,,,1,,,2,,2.5,,A,4
1086-0266,Organization and Environment,Gen & Strat,,2,2,A,B,3,P,11.2,B,A,2
1086-1718,Strategic Change,Gen & Strat,,4,,C,,2,,6.7,B,,4
1086-4415,International Journal of Electronic Commerce,"MIS, KM",,2,1,A,B,3,P,7.2,B,A,2
1088-1980,Journal of Industrial Ecology,Economics,,,2,,,2,EP,11.6,A,,3
1089-2699,Group Dynamics,Gen & Strat,,3,1,B,,2,,6.5,,B,3
1090-6738,International Journal of Auditing,F&A,,3,1,B,,2,,3.7,B,A,3
1090-9516,Journal of World Business,IB,,1,2,A,A,4,P,16.5,A,A*,1
1091-1421,Public Finance Review,Economics,,4,1,C,,,,1.3,B,B,
1091-9392,"Journal of Organizational Computing and Electronic Comm MIS, KM",,,,1,,,1,,5.8,C,A,4
1091-9856,INFORMS Journal on Computing,"OR,MS,POM",,,2,,,3,P*,4.2,A,A,
1092-0277,North American Actuarial Journal,F&A [Range highest to,,4,1,B,,2,,2.8,B,A,3
1092-4604,Knowledge and Process Management,"OR,MS,POM",,,1,C,,1,,7.1,,B,4
1094-1665,Asia Pacific Journal of Tourism Research,Tourism,,,1,,,1,,7.7,,A,
1094-2025,Review of Economic Dynamics,Economics,,2,2,A,,3,,3.3,,A*,
1094-4060,International Journal of Accounting,F&A,,3,1,B,B,3,,1.2,B,A,3
1094-4281,Organizational Research Methods,Gen & Strat,,2,2,A,A,4,P,23.2,A,A*,1
1094-6136,Journal of Scheduling,"OR,MS,POM",,3,2,B,B,1,S,3.8,A,B,
1094-6705,Journal of Service Research,Marketing,,2,2,A,A,4,P,20.3,A,A*,1
1094-9968,Journal of Interactive Marketing,Marketing,,2,2,A,B,3,P,20.2,B,A,2
1096-3480,Journal of Hospitality and Tourism Research,Tourism,,,1,,,2,,10.1,,A,3
1096-4762,Thunderbird International Business Review,IB,,4,1,C,,2,,4.3,B,B,3
1097-3923,Journal of Public Economic Theory,Economics,,2,1,A,,2,,2.3,B,A,
1099-2340,International Journal of Tourism Research,Tourism,,,1,,,2,,9.0,,A,3
1121-7081,Labour,Economics,,3,1,B,,1,,1.3,B,B,
1176-6093,Qualitative Research in Accounting and Management,F&A,,4,1,C,,2,,4.5,B,A,3
1229-4659,International Review of Public Administration,PSM,,4,2,C,,1,,2.0,C,B,4
1262-2788,Comptabilité - Contrôle - Audit,F&A,,2,,A,,,,1.7,,B,2
1286-4692,M@n@gement,Gen & Strat,,2,1,A,,1,,N/A,B,B,2
1350-1763,Journal of European Public Policy,PSM,,,2,,B,3,EP*,8.8,A,A,2
1350-178X,Journal of Economic Methodology,Economics,,2,1,A,,2,,3.2,,B,
1350-1917,Information Systems Journal,"MIS, KM",,2,2,A,A,4,S,14.6,A,A*,1
1350-231X,Journal of Brand Management,Marketing,,4,1,B,B,2,S,8.8,C,A,3
1350-4851,Applied Economics Letters,Economics,,4,1,C,,1,,2.9,,B,
1350-486X,Applied Mathematical Finance,F&A,,,1,C,,2,,2.3,C,B,4
1350-5076,Management Learning,Gen & Strat,,3,2,A,B,3,S,6.1,B,A,2
1350-5084,Organization,"OS/OB,HRM/IR",,1,2,A,B,3,S,8.0,B,A,2
1351-847X,European Journal of Finance,F&A,,4,1,B,B,3,S,5.4,B,A,3
1352-2752,Qualitative Market Research,Marketing,,4,1,C,,2,,3.9,C,B,4
1352-7266,Journal of Marketing Communications,Marketing,,,1,,,1,,7.7,C,B,
1354-7798,European Financial Management,F&A Economics;,,3,1,B,B,3,S,4.3,B,A,3
1354-8166,Tourism Economics,Tourism,,4,1,C,,2,,9.3,,A,4
1355-2554,International Journal of Entrepreneurial Behaviour and Re Entrep,,,4,1,B,,3,,10.2,B,A,3
1355-5855,Asia Pacific Journal of Marketing and Logistics,Marketing,,,1,,,1,,7.9,C,A,
1356-3890,Evaluation,PSM,,3,2,B,,2,,3.6,,B,3
1357-1516,International Journal of the Economics of Business,Economics,,3,1,B,,2,,2.6,,B,
1359-432X,European Journal of Work and Organizational Psychology,"OS/OB,HRM/IR",,4,1,B,B,3,S,8.0,B,A,3
1359-8546,Supply Chain Management,"OR,MS,POM",,3,2,A,B,3,S,16.7,B,A,2
1360-2381,Asia Pacific Business Review,IB,,3,1,B,,2,,4.4,C,B,4
1360-3736,International Journal of Training and Development,"OS/OB,HRM/IR",,,1,,,2,,3.4,,C,
1361-374X,Pacific Economic Review,Economics,,3,1,B,,2,,2.7,,B,
1361-4916,European Review of Economic History,Economics,,2,1,A,,3,EP,2.6,,A,
1361-9209,"Transportation Research Part D: Transport and Environme OR,MS,POM",,,3,2,B,B,3,S,14.4,B,A,2
1362-0436,Career Development International,"OS/OB,HRM/IR",,,1,C,,2,,5.4,C,A,4
1363-9196,International Journal of Innovation Management,Innovation,,4,1,C,,2,,3.7,B,,4
1364-985X,Australian Journal of Agricultural and Resource Economics,Economics,,3,1,B,,2,,6.3,,A,
1365-1005,Macroeconomic Dynamics,Economics,,2,1,A,,2,,2.1,,A,
1366-2716,Industry and Innovation,Innovation,,3,2,B,B,3,S,8.1,B,A,3
1366-5545,"Transportation Research Part E: Logistics and Transportat OR,MS,POM",,,2,2,A,A,3,P,16.2,B,A*,1
1367-3270,Journal of Knowledge Management,"MIS, KM",,3,2,B,B,2,EP*,13.7,C,A,2
1367-5567,"International Journal of Logistics Research and Application OR,MS,POM",,,3,1,B,,1,,13.7,C,B,3
1368-3500,Current Issues in Tourism,Tourism,,,1,B,,2,EP,15.5,,A,3
1368-4221,Econometrics Journal,Economics,,2,2,A,,3,EP,4.2,,A*,
1369-412X,International Review of Finance,F&A,,,1,,,,,3.3,C,A,
1370-4788,Annals of Public and Cooperative Economics,Economics,,,1,C,,2,,3.8,,B,4
1380-6645,Review of Derivatives Research,F&A,,4,1,B,,2,,1.4,A,B,3
1380-6653,Review of Accounting Studies,F&A,1,2,2,A,A,4,P*,7.9,A,A*,1
1381-4338,Journal of Economic Growth,Economics,,1,2,A,,3,EP,3.7,,A*,
1382-340X,International Negotiation,"OS/OB,HRM/IR [Range highest to",,,1,,,1,,1.2,,A,
1385-3457,Journal of Management and Governance,Gen & Strat,,4,1,C,,1,,6.4,C,C,4
1385-951X,Information Technology and Management,"MIS, KM",,,1,,,1,,4.5,B,B,4
1386-4157,Experimental Economics,Economics,,1,2,A,A,3,,4.1,,A*,
1386-4181,Journal of Financial Markets,F&A,,2,2,A,A,3,P,3.4,B,A*,2
1386-9620,Health Care Management Science,"MIS, KM",,4,1,B,,2,S,7.2,A,B,3
1387-3326,Information Systems Frontiers,"MIS, KM",,,1,B,B,3,EP,13.3,B,A,2
1389-5753,Electronic Commerce Research,"MIS, KM",,,1,,,2,,7.5,C,A,4
1432-2994,Mathematical Methods of Operations Research,"OR,MS,POM",,3,2,B,,1,,1.9,B,,
1439-2917,Schmalenbach Business Review,Gen & Strat,,,1,,,2,,N/A,B,,4
1441-3523,Sport Management Review,Gen & Strat,,,1,,B,2,,9.0,,A,3
1441-3582,Australasian Marketing Journal,Marketing,,,1,,,1,,14.9,C,A,
1447-6770,Journal of Hospitality and Tourism Management,Tourism,,,,,,2,,13.3,,A*,3
1449-8618,Australasian Journal of Information Systems,"MIS, KM",,,,,,1,,4.4,C,A,
1460-1060,European Journal of Innovation Management,Innovation,,4,1,C,,1,,10.4,C,C,3
1460-1559,Journal of Computational Finance,F&A,,,1,,,1,,0.9,B,C,4
1460-8545,International Journal of Management Reviews,Gen & Strat,,2,2,A,B,3,EP*,14.6,B,A*,2
1462-6004,Journal of Small Business and Enterprise Development,Entrep,,4,1,C,,2,,6.4,C,C,4
1463-6786,Manchester School,Economics,,3,1,B,,2,,1.8,,B,
1463-7154,Business Process Management Journal,"OR,MS,POM",,3,1,B,,2,,8.6,C,B,3
1465-6485,German Economic Review,Economics,,3,1,B,,2,,2.3,B,B,
1465-7503,International Journal of Entrepreneurship and Innovation,Entrep,,4,1,C,,2,,4.8,C,C,4
1467-2227,Enterprise and Society,Bus Hist,,3,2,B,,3,S,1.2,,A,3
1467-8721,Current Directions in Psychological Science,Psychology,,,1,,,4,,13.0,,,
1467-9566,Sociology of Health and Illness,Sociology,,,2,,,3,,6.1,,,
1467-985X,"Journal of the Royal Statistical Society. Series A: Statistics inOR,MS,POM",,,,1,,B,3,,2.9,,A,
1467-9868,"Journal of the Royal Statistical Society. Series B: Statistical MOR,MS,POM",,,2,2,A,A,4,,8.8,,A*,
1467-9876,"Journal of the Royal Statistical Society. Series C: Applied StOR,MS,POM",,,,2,,B,3,,2.5,,A,
1468-2621,African Affairs,IB,,,2,,,3,,4.3,,,
1468-2702,Journal of Economic Geography,Economics,,1,2,A,,4,EP,5.4,,A,2
1469-1825,Behavioral and Brain Sciences,Psychology,,,2,,,4,,1.4,,,
1469-7688,Quantitative Finance,F&A,,3,1,B,B,3,S,3.2,B,A,3
1470-5931,Marketing Theory,Marketing,,3,2,B,B,3,,5.9,B,A,3
1470-5958,International Journal of Cross Cultural Management,"OS/OB,HRM/IR",,4,1,C,,1,,3.5,C,B,4
1470-6423,International Journal of Consumer Studies,Marketing,,,1,,,2,,13.6,C,A,3
1470-7853,International Journal of Market Research,Marketing,,4,1,B,,2,,6.0,C,A,3
1471-6909,International Journal of Public Opinion Research,Marketing,,3,2,B,B,,,3.1,,A,
1471-7727,Information and Organization,F&A,,2,2,A,A,3,EP,11.2,B,A*,2
1471-9037,Public Management Review,PSM,,2,2,A,B,4,EP*,10.9,A,A,2
1472-0701,Corporate Governance: The International Journal of Busin Gen & Strat,,,,1,,,2,,11.2,C,B,4
1472-0817,Journal of Consumer Behaviour,Marketing,,,1,,,2,,7.3,B,A,3
1474-7871,Advances in Management Accounting,F&A,,,,,,2,,1.1,C,A,
1475-1461,Socio-Economic Review,Economics,,3,2,B,B,4,EP*,6.8,B,A,2
1475-1488,Advances in Accounting Behavioral Research,F&A,,,1,,,2,,0.5,B,A,
1475-4991,Review of Income and Wealth,Economics,,2,1,A,,3,,4.0,,A,
1475-9551,Culture and Organization,Sociology,,4,1,C,,2,,3.2,B,B,3
1476-1270,Strategic Organization,Gen & Strat,,2,2,A,B,3,P,9.8,B,A,1
1478-3363,Total Quality Management and Business Excellence,"OR,MS,POM",,4,1,C,,2,S,8.9,,C,4
1478-4092,Journal of Purchasing and Supply Management,"OR,MS,POM",,3,1,B,B,3,P,10.3,B,A,2
1479-2931,Maritime Economics and Logistics,Economics,,,1,,,1,S,8.0,,B,
1479-8409,Journal of Financial Econometrics,Economics,,3,1,A,B,3,S,5.6,B,A*,2
1502-2250,Scandinavian Journal of Hospitality and Tourism,Tourism,,,1,,,2,,7.9,,A,
1523-2409,Journal of Supply Chain Management,"OR,MS,POM",,2,2,A,A,4,P,16.0,B,A*,1
1523-4614,Manufacturing and Service Operations Management,"OR,MS,POM",1,2,2,A,A,3,P*,9.3,A,A*,1
1524-9050,IEEE Transactions on Intelligent Transportation Systems,"OR,MS,POM",,,2,,B,,S,14.8,B,A,
1525-383X,Multinational Business Review Communications of the Association for Information,IB,,3,,B,,3,M,5.4,C,B,3
1529-3181,Systems,"MIS, KM",,4,2,C,B,2,,3.9,B,A,3
1532-2882,"Journal of the Association for Information Science and Tec MIS, KM",[Range highest to,,,2,,B,3,,8.3,,,4
1532-3005,Stress and Health,"OS/OB,HRM/IR",,,1,,,3,,6.4,,A,
1532-9194,MIT Sloan Management Review,Gen & Strat,1,,2,A,B,3,M*,3.3,B,A,2
1533-2667,Journal of Relationship Marketing,Marketing,,,1,,,1,,10.2,C,B,
1536-9323,Journal of the Association for Information Systems,"MIS, KM",,2,2,A,A,4*,P,11.2,A,A*,1
1537-260X,Academy of Management Learning and Education,Education,,2,2,A,A,4*,EP*,8.2,B,A*,1
1539-6924,Risk Analysis,Sociology,,,1,,,4,,7.5,C,,
1540-1960,MIS Quarterly Executive,"MIS, KM",,,2,B,B,2,M,10.3,B,A,3
1541-1672,IEEE Intelligent Systems,"MIS, KM",,,2,,,,EP,13.8,,,
1542-4766,Journal of the European Economic Association,Economics,,1,2,A,,4,EP,7.8,A,A*,
1542-6297,Journal of International Accounting Research,F&A,,3,1,B,B,2,,1.4,B,A,3
1542-7560,Journal of Behavioral Finance,F&A,,,1,C,,2,,4.6,B,A,4
1544-6123,Finance Research Letters,F&A,,3,1,B,B,2,EP,11.1,B,A,3
1547-8181,Human Factors,"OS/OB,HRM/IR",,,1,,,3,,10.6,,,
1551-6709,Cognitive Science,Psychology,,,2,,,3,,4.1,,,
1554-964X,Geneva Risk and Insurance Review,F&A,,2,1,B,,2,,4.3,C,B,3
1555-0494,B.E. Journal of Economic Analysis and Policy,Economics,,3,1,B,,2,,1.5,,A,
1558-9080,Academy of Management Perspectives,Gen & Strat,,,2,A,A,4,S,18.2,B,A,2
1566-0141,Emerging Markets Review,F&A,,3,1,B,B,2,EP,7.1,C,A,3
1567-4223,Electronic Commerce Research and Applications,"MIS, KM",,4,2,B,B,2,S,10.1,C,B,4
1569-1721,Journal of Economic Inequality,Economics,,3,1,B,,2,,3.6,,A,
1569-5239,Review of Economics of the Household,Economics,,3,1,B,,2,,9.3,,A,
1570-7156,Quantitative Marketing and Economics,Marketing,,3,2,A,B,3,P,2.3,A,A,2
1572-3089,Journal of Financial Stability,F&A,,3,1,B,B,3,EP,7.7,A,A*,2
1572-3097,Review of Finance,F&A,1,1,2,A,A,4,P*,7.8,A,A*,1
1573-9414,Economic Change and Restructuring,Economics,,4,1,C,,1,,4.8,,B,
1608-1625,Asia-Pacific Journal of Accounting and Economics,F&A,,,1,,,2,,2.4,C,B,4
1610-2878,Review of World Economics,Economics,,2,1,A,,2,,3.4,,B,
1618-7598,European Journal of Health Economics,Economics,,2,1,A,B,2,EP,6.1,A,A,3
1740-4754,European Management Review,Gen & Strat,,3,1,A,B,3,S,7.2,B,B,2
1740-8776,Management and Organization Review,Gen & Strat,,3,1,B,B,3,S,5.2,B,A,3
1741-038X,Journal of Manufacturing Technology Management,"OR,MS,POM",,4,1,C,,1,EP,16.3,C,B,4
1741-0398,Journal of Enterprise Information Management,"MIS, KM",,4,1,B,,2,EP,14.8,C,A,3
1742-2043,Critical Perspectives on International Business,IB,,4,1,C,,2,,4.2,C,B,3
1742-7150,Leadership,"OS/OB,HRM/IR",,4,1,C,,2,,6.2,B,B,4
1743-9132,International Journal of Managerial Finance,F&A,,,1,,,2,,4.1,,A,4
1744-1374,Journal of Institutional Economics,Economics,,2,1,A,,3,,4.8,,B,
1744-9480,Accounting in Europe,F&A,,,1,C,,2,,5.0,B,A,3
1747-0218,Quarterly Journal of Experimental Psychology,Psychology,,,1,,,3,,3.5,,A,
1748-4995,Annals of Actuarial Science,F&A,,,1,,,1,,3.1,,A,4
1748-5991,Regulation and Governance,PSM,,,,,,3,,7.8,,A,
1751-1348,Journal of Management History,Gen & Strat,,,,,,1,,3.0,,B,4
1751-6757,European Journal of International Management,IB,,4,1,C,,2,,2.0,B,C,4
1753-0350,Journal of Cultural Economy,Economics,,,1,,,3,EP,n/a,,,4
1757-5818,Journal of Service Management,"OR,MS,POM",,3,1,B,B,2,EP,19.2,B,A,3
1759-7323,Quantitative Economics,Economics,,1,2,A,,4,,4.1,,A*,
1815-4654,International Journal of Central Banking,Economics,,3,1,B,,3,,2.3,C,A,
1815-5669,Journal of Contemporary Accounting and Economics,F&A,,,1,,,2,,6.0,C,A,3
1833-3672,Journal of Management and Organization,Gen & Strat,,,1,,,2,,6.6,B,A,
1863-6683,Review of Managerial Science,Gen & Strat,,4,1,C,,2,,11.3,B,A,3
1873-7838,Cognition,Psychology,,,2,,,4,,6.4,,,
1930-2975,Judgment and Decision Making,Psychology,,,1,,,3,,4.4,,A,3
1932-4391,Strategic Entrepreneurship Journal,Gen & Strat,1,2,2,A,A,4,P,11.1,A,A,1
1932-8575,Journal of Human Capital,Economics,,2,1,A,,3,,2.3,,A,
1933-6837,Theoretical Economics,Economics,,1,2,A,,4,,2.4,,A*,
1934-4554,Financial Markets and Portfolio Management,F&A,,,1,C,,2,,3.2,B,B,4
1935-1690,B.E. Journal of Macroeconomics,Economics,,2,1,A,,2,,0.8,,A,
1935-1704,B.E. Journal of Theoretical Economics,Economics [Range highest to,,3,1,B,,2,,0.8,,A,
1936-6582,Flexible Services and Manufacturing Journal,"OR,MS,POM",,3,1,B,,1,,5.6,B,C,4
1936-8623,Journal of Hospitality Marketing and Management,Tourism,,,1,,,1,EP,20.9,,A,4
1938-9027,Journal of Electronic Commerce Research,"MIS, KM",,,1,,,1,,6.3,C,B,4
1941-1367,Annual Review of Financial Economics,Economics,,,1,,,3,,5.0,B,B,
1941-1383,Annual Review of Economics,Economics,,2,1,A,,3,EP,9.7,,A*,
1941-6520,Academy of Management Annals,Gen & Strat,,2,2,A,A,4*,P*,36.0,A,A*,1
1944-3900,AIS Transactions on Human-Computer Interaction,"MIS, KM",,,1,,,2,,N/A,,A,3
1945-7669,American Economic Journal: Microeconomics,Economics,,1,2,A,,3,,2.9,A,A*,
1945-7707,American Economic Journal: Macroeconomics,Economics,,1,2,A,,4,EP,8.2,A,A*,
1945-7731,American Economic Journal: Economic Policy,Economics,,1,2,A,,3,EP*,8.2,A,A*,
1945-7782,American Economic Journal: Applied Economics,Economics,,1,2,A,,4,EP*,9.1,A,A*,
1948-5506,Social Psychological and Personality Science,Psychology,,,,,,3,EP,12.5,,B,
2040-7157,"Equality, Diversity, and Inclusion: An International Review","OS/OB,HRM/IR",,,1,,,1,,4.5,B,B,4
2041-1723,Nature Communications,Gen & Strat,,,2,,,,,24.9,A,,
2041-3866,Organizational Psychology Review,"OS/OB,HRM/IR",,,1,C,B,2,EP,10.0,B,A,3
2041-4161,IMF Economic Review,Economics,,3,1,,,3,,5.5,,A,
2042-5791,Global Strategy Journal,Gen & Strat,,3,2,B,B,4,P,14.2,A,A,1
2045-9920,Review of Asset Pricing Studies,F&A,,,2,C,A,3,P,19.8,A,A*,3
2046-9128,Review of Corporate Finance Studies,F&A,,,2,B,A,3,P,17.8,A,A*,2
2049-8799,Journal of Global Mobility,HRM/IR,,,1,,,2,,3.2,C,B,
2051-8803,Journal of Professions and Organization,"OS/OB, HRM/IR",,,2,,B,2,,4.8,B,A,4
2055-6225,Journal of Service Theory and Practice,Marketing,,4,1,C,,1,,8.0,C,A,4
2059-5794,Cross Cultural and Strategic Management,"OS/OB,HRM/IR",,3,1,B,,2,,4.7,B,B,3
2155-2851,Accounting History Review,Bus Hist,,2,1,A,,2,,1.2,B,B,3
2156-8316,Tourism Planning and Development,Tourism,,,,,,2,,6.8,,A,4
2164-5744,Critical Finance Review,F&A,,,1,,B,1,PA,2.4,A,A*,4
2168-1007,Academy of Management Discoveries,Gen & Strat,,,1,,,3,P,10.0,A,A*,3
2191-4761,Journal of Management Control,F&A,,,1,,,2,,5.6,B,A,
2211-9736,Tourism Management Perspectives,Tourism,,,1,,,2,,15.6,,A*,3
2212-571X,Journal of Destination Marketing and Management,Marketing,,,1,,,1,,18.6,,A,4
2214-8043,Journal of Behavioral and Experimental Economics,Economics,,3,1,B,,2,,2.6,B,A,3
2327-0616,"Annual Review of Organizational Psychology and Organiza Psych, OS/OB",,,,,C,,,,24.2,A,A*,3
2333-2050,Strategy Science,Gen & Strat,,3,1,B,B,3,PA,6.3,A,A,
2333-5955,Journal of the Association of Environmental and Resource Economics,,,,1,,,3,EP,5.6,,A*,3
2352-6734,Journal of Business Venturing Insights,Entrep,,,1,,B,2,,11.7,B,A,4
2380-2154,Journal of Financial Reporting,F&A,,,,,,3,,N/A,,A,
2397-0022,German Journal of Human Resource Management,HRM/IR,,,1,,,2,,8.1,B,B,
2397-3374,Nature Human Behavior,"OS/OB,HRM/IR",,,1,,,4,EP*,36.8,A,,
2405-8513,Journal of Commodity Markets,F&A,,,,,,3,,5.7,B,A,3
2522-0705,Journal of International Business Policy,IB,,,,,,3,,10.1,B,B,
2631-7877,Organization Theory,"OS/OB,HRM/IR",,,,,,,P*,13.7,A,A,4
2640-205X,American Economic Review: Insights,Economics,,,,,,3,EP*,N/A,A,A*,
8756-6222,"Journal of Law, Economics, and Organization",Economics,,1,2,A,B,3,S,2.2,B,A,2
8756-9728,Project Management Journal,Gen & Strat,,3,2,B,B,1,,9.3,B,B,4
